date_key,date,financial_year,year,month,month_name,quarter,fy_month_no,is_month_end,src_report,src_year,import_batch_id,processed_at,record_quality,quality_flags
20210203,2021-02-03 00:00:00.000000,20-21,2021,2,Feb,1,11,0,dim_date,20-21,20260627010107,2026-06-27T01:01:07.334932+00:00,ok,
20210204,2021-02-04 00:00:00.000000,20-21,2021,2,Feb,1,11,0,dim_date,20-21,20260627010107,2026-06-27T01:01:07.334932+00:00,ok,
20210205,2021-02-05 00:00:00.000000,20-21,2021,2,Feb,1,11,0,dim_date,20-21,20260627010107,2026-06-27T01:01:07.334932+00:00,ok,
20210206,2021-02-06 00:00:00.000000,20-21,2021,2,Feb,1,11,0,dim_date,20-21,20260627010107,2026-06-27T01:01:07.334932+00:00,ok,
20210207,2021-02-07 00:00:00.000000,20-21,2021,2,Feb,1,11,0,dim_date,20-21,20260627010107,2026-06-27T01:01:07.334932+00:00,ok,
20210208,2021-02-08 00:00:00.000000,20-21,2021,2,Feb,1,11,0,dim_date,20-21,20260627010107,2026-06-27T01:01:07.334932+00:00,ok,
20210209,2021-02-09 00:00:00.000000,20-21,2021,2,Feb,1,11,0,dim_date,20-21,20260627010107,2026-06-27T01:01:07.334932+00:00,ok,
20210210,2021-02-10 00:00:00.000000,20-21,2021,2,Feb,1,11,0,dim_date,20-21,20260627010107,2026-06-27T01:01:07.334932+00:00,ok,
20210211,2021-02-11 00:00:00.000000,20-21,2021,2,Feb,1,11,0,dim_date,20-21,20260627010107,2026-06-27T01:01:07.334932+00:00,ok,
20210212,2021-02-12 00:00:00.000000,20-21,2021,2,Feb,1,11,0,dim_date,20-21,20260627010107,2026-06-27T01:01:07.334932+00:00,ok,
20210213,2021-02-13 00:00:00.000000,20-21,2021,2,Feb,1,11,0,dim_date,20-21,20260627010107,2026-06-27T01:01:07.334932+00:00,ok,
20210214,2021-02-14 00:00:00.000000,20-21,2021,2,Feb,1,11,0,dim_date,20-21,20260627010107,2026-06-27T01:01:07.334932+00:00,ok,
20210215,2021-02-15 00:00:00.000000,20-21,2021,2,Feb,1,11,0,dim_date,20-21,20260627010107,2026-06-27T01:01:07.334932+00:00,ok,
20210216,2021-02-16 00:00:00.000000,20-21,2021,2,Feb,1,11,0,dim_date,20-21,20260627010107,2026-06-27T01:01:07.334932+00:00,ok,
20210217,2021-02-17 00:00:00.000000,20-21,2021,2,Feb,1,11,0,dim_date,20-21,20260627010107,2026-06-27T01:01:07.334932+00:00,ok,
20210218,2021-02-18 00:00:00.000000,20-21,2021,2,Feb,1,11,0,dim_date,20-21,20260627010107,2026-06-27T01:01:07.334932+00:00,ok,
20210219,2021-02-19 00:00:00.000000,20-21,2021,2,Feb,1,11,0,dim_date,20-21,20260627010107,2026-06-27T01:01:07.334932+00:00,ok,
20210220,2021-02-20 00:00:00.000000,20-21,2021,2,Feb,1,11,0,dim_date,20-21,20260627010107,2026-06-27T01:01:07.334932+00:00,ok,
20210221,2021-02-21 00:00:00.000000,20-21,2021,2,Feb,1,11,0,dim_date,20-21,20260627010107,2026-06-27T01:01:07.334932+00:00,ok,
20210222,2021-02-22 00:00:00.000000,20-21,2021,2,Feb,1,11,0,dim_date,20-21,20260627010107,2026-06-27T01:01:07.334932+00:00,ok,
20210223,2021-02-23 00:00:00.000000,20-21,2021,2,Feb,1,11,0,dim_date,20-21,20260627010107,2026-06-27T01:01:07.334932+00:00,ok,
20210224,2021-02-24 00:00:00.000000,20-21,2021,2,Feb,1,11,0,dim_date,20-21,20260627010107,2026-06-27T01:01:07.334932+00:00,ok,
20210225,2021-02-25 00:00:00.000000,20-21,2021,2,Feb,1,11,0,dim_date,20-21,20260627010107,2026-06-27T01:01:07.334932+00:00,ok,
20210226,2021-02-26 00:00:00.000000,20-21,2021,2,Feb,1,11,0,dim_date,20-21,20260627010107,2026-06-27T01:01:07.334932+00:00,ok,
20210227,2021-02-27 00:00:00.000000,20-21,2021,2,Feb,1,11,0,dim_date,20-21,20260627010107,2026-06-27T01:01:07.334932+00:00,ok,
20210228,2021-02-28 00:00:00.000000,20-21,2021,2,Feb,1,11,1,dim_date,20-21,20260627010107,2026-06-27T01:01:07.334932+00:00,ok,
20210301,2021-03-01 00:00:00.000000,20-21,2021,3,Mar,1,12,0,dim_date,20-21,20260627010107,2026-06-27T01:01:07.334932+00:00,ok,
20210302,2021-03-02 00:00:00.000000,20-21,2021,3,Mar,1,12,0,dim_date,20-21,20260627010107,2026-06-27T01:01:07.334932+00:00,ok,
20210303,2021-03-03 00:00:00.000000,20-21,2021,3,Mar,1,12,0,dim_date,20-21,20260627010107,2026-06-27T01:01:07.334932+00:00,ok,
20210304,2021-03-04 00:00:00.000000,20-21,2021,3,Mar,1,12,0,dim_date,20-21,20260627010107,2026-06-27T01:01:07.334932+00:00,ok,
20210305,2021-03-05 00:00:00.000000,20-21,2021,3,Mar,1,12,0,dim_date,20-21,20260627010107,2026-06-27T01:01:07.334932+00:00,ok,
20210306,2021-03-06 00:00:00.000000,20-21,2021,3,Mar,1,12,0,dim_date,20-21,20260627010107,2026-06-27T01:01:07.334932+00:00,ok,
20210307,2021-03-07 00:00:00.000000,20-21,2021,3,Mar,1,12,0,dim_date,20-21,20260627010107,2026-06-27T01:01:07.334932+00:00,ok,
20210308,2021-03-08 00:00:00.000000,20-21,2021,3,Mar,1,12,0,dim_date,20-21,20260627010107,2026-06-27T01:01:07.334932+00:00,ok,
20210309,2021-03-09 00:00:00.000000,20-21,2021,3,Mar,1,12,0,dim_date,20-21,20260627010107,2026-06-27T01:01:07.334932+00:00,ok,
20210310,2021-03-10 00:00:00.000000,20-21,2021,3,Mar,1,12,0,dim_date,20-21,20260627010107,2026-06-27T01:01:07.334932+00:00,ok,
20210311,2021-03-11 00:00:00.000000,20-21,2021,3,Mar,1,12,0,dim_date,20-21,20260627010107,2026-06-27T01:01:07.334932+00:00,ok,
20210312,2021-03-12 00:00:00.000000,20-21,2021,3,Mar,1,12,0,dim_date,20-21,20260627010107,2026-06-27T01:01:07.334932+00:00,ok,
20210313,2021-03-13 00:00:00.000000,20-21,2021,3,Mar,1,12,0,dim_date,20-21,20260627010107,2026-06-27T01:01:07.334932+00:00,ok,
20210314,2021-03-14 00:00:00.000000,20-21,2021,3,Mar,1,12,0,dim_date,20-21,20260627010107,2026-06-27T01:01:07.334932+00:00,ok,
20210315,2021-03-15 00:00:00.000000,20-21,2021,3,Mar,1,12,0,dim_date,20-21,20260627010107,2026-06-27T01:01:07.334932+00:00,ok,
20210316,2021-03-16 00:00:00.000000,20-21,2021,3,Mar,1,12,0,dim_date,20-21,20260627010107,2026-06-27T01:01:07.334932+00:00,ok,
20210317,2021-03-17 00:00:00.000000,20-21,2021,3,Mar,1,12,0,dim_date,20-21,20260627010107,2026-06-27T01:01:07.334932+00:00,ok,
20210318,2021-03-18 00:00:00.000000,20-21,2021,3,Mar,1,12,0,dim_date,20-21,20260627010107,2026-06-27T01:01:07.334932+00:00,ok,
20210319,2021-03-19 00:00:00.000000,20-21,2021,3,Mar,1,12,0,dim_date,20-21,20260627010107,2026-06-27T01:01:07.334932+00:00,ok,
20210320,2021-03-20 00:00:00.000000,20-21,2021,3,Mar,1,12,0,dim_date,20-21,20260627010107,2026-06-27T01:01:07.334932+00:00,ok,
20210321,2021-03-21 00:00:00.000000,20-21,2021,3,Mar,1,12,0,dim_date,20-21,20260627010107,2026-06-27T01:01:07.334932+00:00,ok,
20210322,2021-03-22 00:00:00.000000,20-21,2021,3,Mar,1,12,0,dim_date,20-21,20260627010107,2026-06-27T01:01:07.334932+00:00,ok,
20210323,2021-03-23 00:00:00.000000,20-21,2021,3,Mar,1,12,0,dim_date,20-21,20260627010107,2026-06-27T01:01:07.334932+00:00,ok,
20210324,2021-03-24 00:00:00.000000,20-21,2021,3,Mar,1,12,0,dim_date,20-21,20260627010107,2026-06-27T01:01:07.334932+00:00,ok,
20210325,2021-03-25 00:00:00.000000,20-21,2021,3,Mar,1,12,0,dim_date,20-21,20260627010107,2026-06-27T01:01:07.334932+00:00,ok,
20210326,2021-03-26 00:00:00.000000,20-21,2021,3,Mar,1,12,0,dim_date,20-21,20260627010107,2026-06-27T01:01:07.334932+00:00,ok,
20210327,2021-03-27 00:00:00.000000,20-21,2021,3,Mar,1,12,0,dim_date,20-21,20260627010107,2026-06-27T01:01:07.334932+00:00,ok,
20210328,2021-03-28 00:00:00.000000,20-21,2021,3,Mar,1,12,0,dim_date,20-21,20260627010107,2026-06-27T01:01:07.334932+00:00,ok,
20210329,2021-03-29 00:00:00.000000,20-21,2021,3,Mar,1,12,0,dim_date,20-21,20260627010107,2026-06-27T01:01:07.334932+00:00,ok,
20210330,2021-03-30 00:00:00.000000,20-21,2021,3,Mar,1,12,0,dim_date,20-21,20260627010107,2026-06-27T01:01:07.334932+00:00,ok,
20210331,2021-03-31 00:00:00.000000,20-21,2021,3,Mar,1,12,1,dim_date,20-21,20260627010107,2026-06-27T01:01:07.334932+00:00,ok,
20210401,2021-04-01 00:00:00.000000,21-22,2021,4,Apr,2,1,0,dim_date,21-22,20260627010107,2026-06-27T01:01:07.334932+00:00,ok,
20210402,2021-04-02 00:00:00.000000,21-22,2021,4,Apr,2,1,0,dim_date,21-22,20260627010107,2026-06-27T01:01:07.334932+00:00,ok,
20210403,2021-04-03 00:00:00.000000,21-22,2021,4,Apr,2,1,0,dim_date,21-22,20260627010107,2026-06-27T01:01:07.334932+00:00,ok,
20210404,2021-04-04 00:00:00.000000,21-22,2021,4,Apr,2,1,0,dim_date,21-22,20260627010107,2026-06-27T01:01:07.334932+00:00,ok,
20210405,2021-04-05 00:00:00.000000,21-22,2021,4,Apr,2,1,0,dim_date,21-22,20260627010107,2026-06-27T01:01:07.334932+00:00,ok,
20210406,2021-04-06 00:00:00.000000,21-22,2021,4,Apr,2,1,0,dim_date,21-22,20260627010107,2026-06-27T01:01:07.334932+00:00,ok,
20210407,2021-04-07 00:00:00.000000,21-22,2021,4,Apr,2,1,0,dim_date,21-22,20260627010107,2026-06-27T01:01:07.334932+00:00,ok,
20210408,2021-04-08 00:00:00.000000,21-22,2021,4,Apr,2,1,0,dim_date,21-22,20260627010107,2026-06-27T01:01:07.334932+00:00,ok,
20210409,2021-04-09 00:00:00.000000,21-22,2021,4,Apr,2,1,0,dim_date,21-22,20260627010107,2026-06-27T01:01:07.334932+00:00,ok,
20210410,2021-04-10 00:00:00.000000,21-22,2021,4,Apr,2,1,0,dim_date,21-22,20260627010107,2026-06-27T01:01:07.334932+00:00,ok,
20210411,2021-04-11 00:00:00.000000,21-22,2021,4,Apr,2,1,0,dim_date,21-22,20260627010107,2026-06-27T01:01:07.334932+00:00,ok,
20210412,2021-04-12 00:00:00.000000,21-22,2021,4,Apr,2,1,0,dim_date,21-22,20260627010107,2026-06-27T01:01:07.334932+00:00,ok,
20210413,2021-04-13 00:00:00.000000,21-22,2021,4,Apr,2,1,0,dim_date,21-22,20260627010107,2026-06-27T01:01:07.334932+00:00,ok,
20210414,2021-04-14 00:00:00.000000,21-22,2021,4,Apr,2,1,0,dim_date,21-22,20260627010107,2026-06-27T01:01:07.334932+00:00,ok,
20210415,2021-04-15 00:00:00.000000,21-22,2021,4,Apr,2,1,0,dim_date,21-22,20260627010107,2026-06-27T01:01:07.334932+00:00,ok,
20210416,2021-04-16 00:00:00.000000,21-22,2021,4,Apr,2,1,0,dim_date,21-22,20260627010107,2026-06-27T01:01:07.334932+00:00,ok,
20210417,2021-04-17 00:00:00.000000,21-22,2021,4,Apr,2,1,0,dim_date,21-22,20260627010107,2026-06-27T01:01:07.334932+00:00,ok,
20210418,2021-04-18 00:00:00.000000,21-22,2021,4,Apr,2,1,0,dim_date,21-22,20260627010107,2026-06-27T01:01:07.334932+00:00,ok,
20210419,2021-04-19 00:00:00.000000,21-22,2021,4,Apr,2,1,0,dim_date,21-22,20260627010107,2026-06-27T01:01:07.334932+00:00,ok,
20210420,2021-04-20 00:00:00.000000,21-22,2021,4,Apr,2,1,0,dim_date,21-22,20260627010107,2026-06-27T01:01:07.334932+00:00,ok,
20210421,2021-04-21 00:00:00.000000,21-22,2021,4,Apr,2,1,0,dim_date,21-22,20260627010107,2026-06-27T01:01:07.334932+00:00,ok,
20210422,2021-04-22 00:00:00.000000,21-22,2021,4,Apr,2,1,0,dim_date,21-22,20260627010107,2026-06-27T01:01:07.334932+00:00,ok,
20210423,2021-04-23 00:00:00.000000,21-22,2021,4,Apr,2,1,0,dim_date,21-22,20260627010107,2026-06-27T01:01:07.334932+00:00,ok,
20210424,2021-04-24 00:00:00.000000,21-22,2021,4,Apr,2,1,0,dim_date,21-22,20260627010107,2026-06-27T01:01:07.334932+00:00,ok,
20210425,2021-04-25 00:00:00.000000,21-22,2021,4,Apr,2,1,0,dim_date,21-22,20260627010107,2026-06-27T01:01:07.334932+00:00,ok,
20210426,2021-04-26 00:00:00.000000,21-22,2021,4,Apr,2,1,0,dim_date,21-22,20260627010107,2026-06-27T01:01:07.334932+00:00,ok,
20210427,2021-04-27 00:00:00.000000,21-22,2021,4,Apr,2,1,0,dim_date,21-22,20260627010107,2026-06-27T01:01:07.334932+00:00,ok,
20210428,2021-04-28 00:00:00.000000,21-22,2021,4,Apr,2,1,0,dim_date,21-22,20260627010107,2026-06-27T01:01:07.334932+00:00,ok,
20210429,2021-04-29 00:00:00.000000,21-22,2021,4,Apr,2,1,0,dim_date,21-22,20260627010107,2026-06-27T01:01:07.334932+00:00,ok,
20210430,2021-04-30 00:00:00.000000,21-22,2021,4,Apr,2,1,1,dim_date,21-22,20260627010107,2026-06-27T01:01:07.334932+00:00,ok,
20210501,2021-05-01 00:00:00.000000,21-22,2021,5,May,2,2,0,dim_date,21-22,20260627010107,2026-06-27T01:01:07.334932+00:00,ok,
20210502,2021-05-02 00:00:00.000000,21-22,2021,5,May,2,2,0,dim_date,21-22,20260627010107,2026-06-27T01:01:07.334932+00:00,ok,
20210503,2021-05-03 00:00:00.000000,21-22,2021,5,May,2,2,0,dim_date,21-22,20260627010107,2026-06-27T01:01:07.334932+00:00,ok,
20210504,2021-05-04 00:00:00.000000,21-22,2021,5,May,2,2,0,dim_date,21-22,20260627010107,2026-06-27T01:01:07.334932+00:00,ok,
20210505,2021-05-05 00:00:00.000000,21-22,2021,5,May,2,2,0,dim_date,21-22,20260627010107,2026-06-27T01:01:07.334932+00:00,ok,
20210506,2021-05-06 00:00:00.000000,21-22,2021,5,May,2,2,0,dim_date,21-22,20260627010107,2026-06-27T01:01:07.334932+00:00,ok,
20210507,2021-05-07 00:00:00.000000,21-22,2021,5,May,2,2,0,dim_date,21-22,20260627010107,2026-06-27T01:01:07.334932+00:00,ok,
20210508,2021-05-08 00:00:00.000000,21-22,2021,5,May,2,2,0,dim_date,21-22,20260627010107,2026-06-27T01:01:07.334932+00:00,ok,
20210509,2021-05-09 00:00:00.000000,21-22,2021,5,May,2,2,0,dim_date,21-22,20260627010107,2026-06-27T01:01:07.334932+00:00,ok,
20210510,2021-05-10 00:00:00.000000,21-22,2021,5,May,2,2,0,dim_date,21-22,20260627010107,2026-06-27T01:01:07.334932+00:00,ok,
20210511,2021-05-11 00:00:00.000000,21-22,2021,5,May,2,2,0,dim_date,21-22,20260627010107,2026-06-27T01:01:07.334932+00:00,ok,
20210512,2021-05-12 00:00:00.000000,21-22,2021,5,May,2,2,0,dim_date,21-22,20260627010107,2026-06-27T01:01:07.334932+00:00,ok,
20210513,2021-05-13 00:00:00.000000,21-22,2021,5,May,2,2,0,dim_date,21-22,20260627010107,2026-06-27T01:01:07.334932+00:00,ok,
20210514,2021-05-14 00:00:00.000000,21-22,2021,5,May,2,2,0,dim_date,21-22,20260627010107,2026-06-27T01:01:07.334932+00:00,ok,
20210515,2021-05-15 00:00:00.000000,21-22,2021,5,May,2,2,0,dim_date,21-22,20260627010107,2026-06-27T01:01:07.334932+00:00,ok,
20210516,2021-05-16 00:00:00.000000,21-22,2021,5,May,2,2,0,dim_date,21-22,20260627010107,2026-06-27T01:01:07.334932+00:00,ok,
20210517,2021-05-17 00:00:00.000000,21-22,2021,5,May,2,2,0,dim_date,21-22,20260627010107,2026-06-27T01:01:07.334932+00:00,ok,
20210518,2021-05-18 00:00:00.000000,21-22,2021,5,May,2,2,0,dim_date,21-22,20260627010107,2026-06-27T01:01:07.334932+00:00,ok,
20210519,2021-05-19 00:00:00.000000,21-22,2021,5,May,2,2,0,dim_date,21-22,20260627010107,2026-06-27T01:01:07.334932+00:00,ok,
20210520,2021-05-20 00:00:00.000000,21-22,2021,5,May,2,2,0,dim_date,21-22,20260627010107,2026-06-27T01:01:07.334932+00:00,ok,
20210521,2021-05-21 00:00:00.000000,21-22,2021,5,May,2,2,0,dim_date,21-22,20260627010107,2026-06-27T01:01:07.334932+00:00,ok,
20210522,2021-05-22 00:00:00.000000,21-22,2021,5,May,2,2,0,dim_date,21-22,20260627010107,2026-06-27T01:01:07.334932+00:00,ok,
20210523,2021-05-23 00:00:00.000000,21-22,2021,5,May,2,2,0,dim_date,21-22,20260627010107,2026-06-27T01:01:07.334932+00:00,ok,
20210524,2021-05-24 00:00:00.000000,21-22,2021,5,May,2,2,0,dim_date,21-22,20260627010107,2026-06-27T01:01:07.334932+00:00,ok,
20210525,2021-05-25 00:00:00.000000,21-22,2021,5,May,2,2,0,dim_date,21-22,20260627010107,2026-06-27T01:01:07.334932+00:00,ok,
20210526,2021-05-26 00:00:00.000000,21-22,2021,5,May,2,2,0,dim_date,21-22,20260627010107,2026-06-27T01:01:07.334932+00:00,ok,
20210527,2021-05-27 00:00:00.000000,21-22,2021,5,May,2,2,0,dim_date,21-22,20260627010107,2026-06-27T01:01:07.334932+00:00,ok,
20210528,2021-05-28 00:00:00.000000,21-22,2021,5,May,2,2,0,dim_date,21-22,20260627010107,2026-06-27T01:01:07.334932+00:00,ok,
20210529,2021-05-29 00:00:00.000000,21-22,2021,5,May,2,2,0,dim_date,21-22,20260627010107,2026-06-27T01:01:07.334932+00:00,ok,
20210530,2021-05-30 00:00:00.000000,21-22,2021,5,May,2,2,0,dim_date,21-22,20260627010107,2026-06-27T01:01:07.334932+00:00,ok,
20210531,2021-05-31 00:00:00.000000,21-22,2021,5,May,2,2,1,dim_date,21-22,20260627010107,2026-06-27T01:01:07.334932+00:00,ok,
20210601,2021-06-01 00:00:00.000000,21-22,2021,6,Jun,2,3,0,dim_date,21-22,20260627010107,2026-06-27T01:01:07.334932+00:00,ok,
20210602,2021-06-02 00:00:00.000000,21-22,2021,6,Jun,2,3,0,dim_date,21-22,20260627010107,2026-06-27T01:01:07.334932+00:00,ok,
20210603,2021-06-03 00:00:00.000000,21-22,2021,6,Jun,2,3,0,dim_date,21-22,20260627010107,2026-06-27T01:01:07.334932+00:00,ok,
20210604,2021-06-04 00:00:00.000000,21-22,2021,6,Jun,2,3,0,dim_date,21-22,20260627010107,2026-06-27T01:01:07.334932+00:00,ok,
20210605,2021-06-05 00:00:00.000000,21-22,2021,6,Jun,2,3,0,dim_date,21-22,20260627010107,2026-06-27T01:01:07.334932+00:00,ok,
20210606,2021-06-06 00:00:00.000000,21-22,2021,6,Jun,2,3,0,dim_date,21-22,20260627010107,2026-06-27T01:01:07.334932+00:00,ok,
20210607,2021-06-07 00:00:00.000000,21-22,2021,6,Jun,2,3,0,dim_date,21-22,20260627010107,2026-06-27T01:01:07.334932+00:00,ok,
20210608,2021-06-08 00:00:00.000000,21-22,2021,6,Jun,2,3,0,dim_date,21-22,20260627010107,2026-06-27T01:01:07.334932+00:00,ok,
20210609,2021-06-09 00:00:00.000000,21-22,2021,6,Jun,2,3,0,dim_date,21-22,20260627010107,2026-06-27T01:01:07.334932+00:00,ok,
20210610,2021-06-10 00:00:00.000000,21-22,2021,6,Jun,2,3,0,dim_date,21-22,20260627010107,2026-06-27T01:01:07.334932+00:00,ok,
20210611,2021-06-11 00:00:00.000000,21-22,2021,6,Jun,2,3,0,dim_date,21-22,20260627010107,2026-06-27T01:01:07.334932+00:00,ok,
20210612,2021-06-12 00:00:00.000000,21-22,2021,6,Jun,2,3,0,dim_date,21-22,20260627010107,2026-06-27T01:01:07.334932+00:00,ok,
20210613,2021-06-13 00:00:00.000000,21-22,2021,6,Jun,2,3,0,dim_date,21-22,20260627010107,2026-06-27T01:01:07.334932+00:00,ok,
20210614,2021-06-14 00:00:00.000000,21-22,2021,6,Jun,2,3,0,dim_date,21-22,20260627010107,2026-06-27T01:01:07.334932+00:00,ok,
20210615,2021-06-15 00:00:00.000000,21-22,2021,6,Jun,2,3,0,dim_date,21-22,20260627010107,2026-06-27T01:01:07.334932+00:00,ok,
20210616,2021-06-16 00:00:00.000000,21-22,2021,6,Jun,2,3,0,dim_date,21-22,20260627010107,2026-06-27T01:01:07.334932+00:00,ok,
20210617,2021-06-17 00:00:00.000000,21-22,2021,6,Jun,2,3,0,dim_date,21-22,20260627010107,2026-06-27T01:01:07.334932+00:00,ok,
20210618,2021-06-18 00:00:00.000000,21-22,2021,6,Jun,2,3,0,dim_date,21-22,20260627010107,2026-06-27T01:01:07.334932+00:00,ok,
20210619,2021-06-19 00:00:00.000000,21-22,2021,6,Jun,2,3,0,dim_date,21-22,20260627010107,2026-06-27T01:01:07.334932+00:00,ok,
20210620,2021-06-20 00:00:00.000000,21-22,2021,6,Jun,2,3,0,dim_date,21-22,20260627010107,2026-06-27T01:01:07.334932+00:00,ok,
20210621,2021-06-21 00:00:00.000000,21-22,2021,6,Jun,2,3,0,dim_date,21-22,20260627010107,2026-06-27T01:01:07.334932+00:00,ok,
20210622,2021-06-22 00:00:00.000000,21-22,2021,6,Jun,2,3,0,dim_date,21-22,20260627010107,2026-06-27T01:01:07.334932+00:00,ok,
20210623,2021-06-23 00:00:00.000000,21-22,2021,6,Jun,2,3,0,dim_date,21-22,20260627010107,2026-06-27T01:01:07.334932+00:00,ok,
20210624,2021-06-24 00:00:00.000000,21-22,2021,6,Jun,2,3,0,dim_date,21-22,20260627010107,2026-06-27T01:01:07.334932+00:00,ok,
20210625,2021-06-25 00:00:00.000000,21-22,2021,6,Jun,2,3,0,dim_date,21-22,20260627010107,2026-06-27T01:01:07.334932+00:00,ok,
20210626,2021-06-26 00:00:00.000000,21-22,2021,6,Jun,2,3,0,dim_date,21-22,20260627010107,2026-06-27T01:01:07.334932+00:00,ok,
20210627,2021-06-27 00:00:00.000000,21-22,2021,6,Jun,2,3,0,dim_date,21-22,20260627010107,2026-06-27T01:01:07.334932+00:00,ok,
20210628,2021-06-28 00:00:00.000000,21-22,2021,6,Jun,2,3,0,dim_date,21-22,20260627010107,2026-06-27T01:01:07.334932+00:00,ok,
20210629,2021-06-29 00:00:00.000000,21-22,2021,6,Jun,2,3,0,dim_date,21-22,20260627010107,2026-06-27T01:01:07.334932+00:00,ok,
20210630,2021-06-30 00:00:00.000000,21-22,2021,6,Jun,2,3,1,dim_date,21-22,20260627010107,2026-06-27T01:01:07.334932+00:00,ok,
20210701,2021-07-01 00:00:00.000000,21-22,2021,7,Jul,3,4,0,dim_date,21-22,20260627010107,2026-06-27T01:01:07.334932+00:00,ok,
20210702,2021-07-02 00:00:00.000000,21-22,2021,7,Jul,3,4,0,dim_date,21-22,20260627010107,2026-06-27T01:01:07.334932+00:00,ok,
20210703,2021-07-03 00:00:00.000000,21-22,2021,7,Jul,3,4,0,dim_date,21-22,20260627010107,2026-06-27T01:01:07.334932+00:00,ok,
20210704,2021-07-04 00:00:00.000000,21-22,2021,7,Jul,3,4,0,dim_date,21-22,20260627010107,2026-06-27T01:01:07.334932+00:00,ok,
20210705,2021-07-05 00:00:00.000000,21-22,2021,7,Jul,3,4,0,dim_date,21-22,20260627010107,2026-06-27T01:01:07.334932+00:00,ok,
20210706,2021-07-06 00:00:00.000000,21-22,2021,7,Jul,3,4,0,dim_date,21-22,20260627010107,2026-06-27T01:01:07.334932+00:00,ok,
20210707,2021-07-07 00:00:00.000000,21-22,2021,7,Jul,3,4,0,dim_date,21-22,20260627010107,2026-06-27T01:01:07.334932+00:00,ok,
20210708,2021-07-08 00:00:00.000000,21-22,2021,7,Jul,3,4,0,dim_date,21-22,20260627010107,2026-06-27T01:01:07.334932+00:00,ok,
20210709,2021-07-09 00:00:00.000000,21-22,2021,7,Jul,3,4,0,dim_date,21-22,20260627010107,2026-06-27T01:01:07.334932+00:00,ok,
20210710,2021-07-10 00:00:00.000000,21-22,2021,7,Jul,3,4,0,dim_date,21-22,20260627010107,2026-06-27T01:01:07.334932+00:00,ok,
20210711,2021-07-11 00:00:00.000000,21-22,2021,7,Jul,3,4,0,dim_date,21-22,20260627010107,2026-06-27T01:01:07.334932+00:00,ok,
20210712,2021-07-12 00:00:00.000000,21-22,2021,7,Jul,3,4,0,dim_date,21-22,20260627010107,2026-06-27T01:01:07.334932+00:00,ok,
20210713,2021-07-13 00:00:00.000000,21-22,2021,7,Jul,3,4,0,dim_date,21-22,20260627010107,2026-06-27T01:01:07.334932+00:00,ok,
20210714,2021-07-14 00:00:00.000000,21-22,2021,7,Jul,3,4,0,dim_date,21-22,20260627010107,2026-06-27T01:01:07.334932+00:00,ok,
20210715,2021-07-15 00:00:00.000000,21-22,2021,7,Jul,3,4,0,dim_date,21-22,20260627010107,2026-06-27T01:01:07.334932+00:00,ok,
20210716,2021-07-16 00:00:00.000000,21-22,2021,7,Jul,3,4,0,dim_date,21-22,20260627010107,2026-06-27T01:01:07.334932+00:00,ok,
20210717,2021-07-17 00:00:00.000000,21-22,2021,7,Jul,3,4,0,dim_date,21-22,20260627010107,2026-06-27T01:01:07.334932+00:00,ok,
20210718,2021-07-18 00:00:00.000000,21-22,2021,7,Jul,3,4,0,dim_date,21-22,20260627010107,2026-06-27T01:01:07.334932+00:00,ok,
20210719,2021-07-19 00:00:00.000000,21-22,2021,7,Jul,3,4,0,dim_date,21-22,20260627010107,2026-06-27T01:01:07.334932+00:00,ok,
20210720,2021-07-20 00:00:00.000000,21-22,2021,7,Jul,3,4,0,dim_date,21-22,20260627010107,2026-06-27T01:01:07.334932+00:00,ok,
20210721,2021-07-21 00:00:00.000000,21-22,2021,7,Jul,3,4,0,dim_date,21-22,20260627010107,2026-06-27T01:01:07.334932+00:00,ok,
20210722,2021-07-22 00:00:00.000000,21-22,2021,7,Jul,3,4,0,dim_date,21-22,20260627010107,2026-06-27T01:01:07.334932+00:00,ok,
20210723,2021-07-23 00:00:00.000000,21-22,2021,7,Jul,3,4,0,dim_date,21-22,20260627010107,2026-06-27T01:01:07.334932+00:00,ok,
20210724,2021-07-24 00:00:00.000000,21-22,2021,7,Jul,3,4,0,dim_date,21-22,20260627010107,2026-06-27T01:01:07.334932+00:00,ok,
20210725,2021-07-25 00:00:00.000000,21-22,2021,7,Jul,3,4,0,dim_date,21-22,20260627010107,2026-06-27T01:01:07.334932+00:00,ok,
20210726,2021-07-26 00:00:00.000000,21-22,2021,7,Jul,3,4,0,dim_date,21-22,20260627010107,2026-06-27T01:01:07.334932+00:00,ok,
20210727,2021-07-27 00:00:00.000000,21-22,2021,7,Jul,3,4,0,dim_date,21-22,20260627010107,2026-06-27T01:01:07.334932+00:00,ok,
20210728,2021-07-28 00:00:00.000000,21-22,2021,7,Jul,3,4,0,dim_date,21-22,20260627010107,2026-06-27T01:01:07.334932+00:00,ok,
20210729,2021-07-29 00:00:00.000000,21-22,2021,7,Jul,3,4,0,dim_date,21-22,20260627010107,2026-06-27T01:01:07.334932+00:00,ok,
20210730,2021-07-30 00:00:00.000000,21-22,2021,7,Jul,3,4,0,dim_date,21-22,20260627010107,2026-06-27T01:01:07.334932+00:00,ok,
20210731,2021-07-31 00:00:00.000000,21-22,2021,7,Jul,3,4,1,dim_date,21-22,20260627010107,2026-06-27T01:01:07.334932+00:00,ok,
20210801,2021-08-01 00:00:00.000000,21-22,2021,8,Aug,3,5,0,dim_date,21-22,20260627010107,2026-06-27T01:01:07.334932+00:00,ok,
20210802,2021-08-02 00:00:00.000000,21-22,2021,8,Aug,3,5,0,dim_date,21-22,20260627010107,2026-06-27T01:01:07.334932+00:00,ok,
20210803,2021-08-03 00:00:00.000000,21-22,2021,8,Aug,3,5,0,dim_date,21-22,20260627010107,2026-06-27T01:01:07.334932+00:00,ok,
20210804,2021-08-04 00:00:00.000000,21-22,2021,8,Aug,3,5,0,dim_date,21-22,20260627010107,2026-06-27T01:01:07.334932+00:00,ok,
20210805,2021-08-05 00:00:00.000000,21-22,2021,8,Aug,3,5,0,dim_date,21-22,20260627010107,2026-06-27T01:01:07.334932+00:00,ok,
20210806,2021-08-06 00:00:00.000000,21-22,2021,8,Aug,3,5,0,dim_date,21-22,20260627010107,2026-06-27T01:01:07.334932+00:00,ok,
20210807,2021-08-07 00:00:00.000000,21-22,2021,8,Aug,3,5,0,dim_date,21-22,20260627010107,2026-06-27T01:01:07.334932+00:00,ok,
20210808,2021-08-08 00:00:00.000000,21-22,2021,8,Aug,3,5,0,dim_date,21-22,20260627010107,2026-06-27T01:01:07.334932+00:00,ok,
20210809,2021-08-09 00:00:00.000000,21-22,2021,8,Aug,3,5,0,dim_date,21-22,20260627010107,2026-06-27T01:01:07.334932+00:00,ok,
20210810,2021-08-10 00:00:00.000000,21-22,2021,8,Aug,3,5,0,dim_date,21-22,20260627010107,2026-06-27T01:01:07.334932+00:00,ok,
20210811,2021-08-11 00:00:00.000000,21-22,2021,8,Aug,3,5,0,dim_date,21-22,20260627010107,2026-06-27T01:01:07.334932+00:00,ok,
20210812,2021-08-12 00:00:00.000000,21-22,2021,8,Aug,3,5,0,dim_date,21-22,20260627010107,2026-06-27T01:01:07.334932+00:00,ok,
20210813,2021-08-13 00:00:00.000000,21-22,2021,8,Aug,3,5,0,dim_date,21-22,20260627010107,2026-06-27T01:01:07.334932+00:00,ok,
20210814,2021-08-14 00:00:00.000000,21-22,2021,8,Aug,3,5,0,dim_date,21-22,20260627010107,2026-06-27T01:01:07.334932+00:00,ok,
20210815,2021-08-15 00:00:00.000000,21-22,2021,8,Aug,3,5,0,dim_date,21-22,20260627010107,2026-06-27T01:01:07.334932+00:00,ok,
20210816,2021-08-16 00:00:00.000000,21-22,2021,8,Aug,3,5,0,dim_date,21-22,20260627010107,2026-06-27T01:01:07.334932+00:00,ok,
20210817,2021-08-17 00:00:00.000000,21-22,2021,8,Aug,3,5,0,dim_date,21-22,20260627010107,2026-06-27T01:01:07.334932+00:00,ok,
20210818,2021-08-18 00:00:00.000000,21-22,2021,8,Aug,3,5,0,dim_date,21-22,20260627010107,2026-06-27T01:01:07.334932+00:00,ok,
20210819,2021-08-19 00:00:00.000000,21-22,2021,8,Aug,3,5,0,dim_date,21-22,20260627010107,2026-06-27T01:01:07.334932+00:00,ok,
20210820,2021-08-20 00:00:00.000000,21-22,2021,8,Aug,3,5,0,dim_date,21-22,20260627010107,2026-06-27T01:01:07.334932+00:00,ok,
20210821,2021-08-21 00:00:00.000000,21-22,2021,8,Aug,3,5,0,dim_date,21-22,20260627010107,2026-06-27T01:01:07.334932+00:00,ok,
20210822,2021-08-22 00:00:00.000000,21-22,2021,8,Aug,3,5,0,dim_date,21-22,20260627010107,2026-06-27T01:01:07.334932+00:00,ok,
20210823,2021-08-23 00:00:00.000000,21-22,2021,8,Aug,3,5,0,dim_date,21-22,20260627010107,2026-06-27T01:01:07.334932+00:00,ok,
20210824,2021-08-24 00:00:00.000000,21-22,2021,8,Aug,3,5,0,dim_date,21-22,20260627010107,2026-06-27T01:01:07.334932+00:00,ok,
20210825,2021-08-25 00:00:00.000000,21-22,2021,8,Aug,3,5,0,dim_date,21-22,20260627010107,2026-06-27T01:01:07.334932+00:00,ok,
20210826,2021-08-26 00:00:00.000000,21-22,2021,8,Aug,3,5,0,dim_date,21-22,20260627010107,2026-06-27T01:01:07.334932+00:00,ok,
20210827,2021-08-27 00:00:00.000000,21-22,2021,8,Aug,3,5,0,dim_date,21-22,20260627010107,2026-06-27T01:01:07.334932+00:00,ok,
20210828,2021-08-28 00:00:00.000000,21-22,2021,8,Aug,3,5,0,dim_date,21-22,20260627010107,2026-06-27T01:01:07.334932+00:00,ok,
20210829,2021-08-29 00:00:00.000000,21-22,2021,8,Aug,3,5,0,dim_date,21-22,20260627010107,2026-06-27T01:01:07.334932+00:00,ok,
20210830,2021-08-30 00:00:00.000000,21-22,2021,8,Aug,3,5,0,dim_date,21-22,20260627010107,2026-06-27T01:01:07.334932+00:00,ok,
20210831,2021-08-31 00:00:00.000000,21-22,2021,8,Aug,3,5,1,dim_date,21-22,20260627010107,2026-06-27T01:01:07.334932+00:00,ok,
20210901,2021-09-01 00:00:00.000000,21-22,2021,9,Sep,3,6,0,dim_date,21-22,20260627010107,2026-06-27T01:01:07.334932+00:00,ok,
20210902,2021-09-02 00:00:00.000000,21-22,2021,9,Sep,3,6,0,dim_date,21-22,20260627010107,2026-06-27T01:01:07.334932+00:00,ok,
20210903,2021-09-03 00:00:00.000000,21-22,2021,9,Sep,3,6,0,dim_date,21-22,20260627010107,2026-06-27T01:01:07.334932+00:00,ok,
20210904,2021-09-04 00:00:00.000000,21-22,2021,9,Sep,3,6,0,dim_date,21-22,20260627010107,2026-06-27T01:01:07.334932+00:00,ok,
20210905,2021-09-05 00:00:00.000000,21-22,2021,9,Sep,3,6,0,dim_date,21-22,20260627010107,2026-06-27T01:01:07.334932+00:00,ok,
20210906,2021-09-06 00:00:00.000000,21-22,2021,9,Sep,3,6,0,dim_date,21-22,20260627010107,2026-06-27T01:01:07.334932+00:00,ok,
20210907,2021-09-07 00:00:00.000000,21-22,2021,9,Sep,3,6,0,dim_date,21-22,20260627010107,2026-06-27T01:01:07.334932+00:00,ok,
20210908,2021-09-08 00:00:00.000000,21-22,2021,9,Sep,3,6,0,dim_date,21-22,20260627010107,2026-06-27T01:01:07.334932+00:00,ok,
20210909,2021-09-09 00:00:00.000000,21-22,2021,9,Sep,3,6,0,dim_date,21-22,20260627010107,2026-06-27T01:01:07.334932+00:00,ok,
20210910,2021-09-10 00:00:00.000000,21-22,2021,9,Sep,3,6,0,dim_date,21-22,20260627010107,2026-06-27T01:01:07.334932+00:00,ok,
20210911,2021-09-11 00:00:00.000000,21-22,2021,9,Sep,3,6,0,dim_date,21-22,20260627010107,2026-06-27T01:01:07.334932+00:00,ok,
20210912,2021-09-12 00:00:00.000000,21-22,2021,9,Sep,3,6,0,dim_date,21-22,20260627010107,2026-06-27T01:01:07.334932+00:00,ok,
20210913,2021-09-13 00:00:00.000000,21-22,2021,9,Sep,3,6,0,dim_date,21-22,20260627010107,2026-06-27T01:01:07.334932+00:00,ok,
20210914,2021-09-14 00:00:00.000000,21-22,2021,9,Sep,3,6,0,dim_date,21-22,20260627010107,2026-06-27T01:01:07.334932+00:00,ok,
20210915,2021-09-15 00:00:00.000000,21-22,2021,9,Sep,3,6,0,dim_date,21-22,20260627010107,2026-06-27T01:01:07.334932+00:00,ok,
20210916,2021-09-16 00:00:00.000000,21-22,2021,9,Sep,3,6,0,dim_date,21-22,20260627010107,2026-06-27T01:01:07.334932+00:00,ok,
20210917,2021-09-17 00:00:00.000000,21-22,2021,9,Sep,3,6,0,dim_date,21-22,20260627010107,2026-06-27T01:01:07.334932+00:00,ok,
20210918,2021-09-18 00:00:00.000000,21-22,2021,9,Sep,3,6,0,dim_date,21-22,20260627010107,2026-06-27T01:01:07.334932+00:00,ok,
20210919,2021-09-19 00:00:00.000000,21-22,2021,9,Sep,3,6,0,dim_date,21-22,20260627010107,2026-06-27T01:01:07.334932+00:00,ok,
20210920,2021-09-20 00:00:00.000000,21-22,2021,9,Sep,3,6,0,dim_date,21-22,20260627010107,2026-06-27T01:01:07.334932+00:00,ok,
20210921,2021-09-21 00:00:00.000000,21-22,2021,9,Sep,3,6,0,dim_date,21-22,20260627010107,2026-06-27T01:01:07.334932+00:00,ok,
20210922,2021-09-22 00:00:00.000000,21-22,2021,9,Sep,3,6,0,dim_date,21-22,20260627010107,2026-06-27T01:01:07.334932+00:00,ok,
20210923,2021-09-23 00:00:00.000000,21-22,2021,9,Sep,3,6,0,dim_date,21-22,20260627010107,2026-06-27T01:01:07.334932+00:00,ok,
20210924,2021-09-24 00:00:00.000000,21-22,2021,9,Sep,3,6,0,dim_date,21-22,20260627010107,2026-06-27T01:01:07.334932+00:00,ok,
20210925,2021-09-25 00:00:00.000000,21-22,2021,9,Sep,3,6,0,dim_date,21-22,20260627010107,2026-06-27T01:01:07.334932+00:00,ok,
20210926,2021-09-26 00:00:00.000000,21-22,2021,9,Sep,3,6,0,dim_date,21-22,20260627010107,2026-06-27T01:01:07.334932+00:00,ok,
20210927,2021-09-27 00:00:00.000000,21-22,2021,9,Sep,3,6,0,dim_date,21-22,20260627010107,2026-06-27T01:01:07.334932+00:00,ok,
20210928,2021-09-28 00:00:00.000000,21-22,2021,9,Sep,3,6,0,dim_date,21-22,20260627010107,2026-06-27T01:01:07.334932+00:00,ok,
20210929,2021-09-29 00:00:00.000000,21-22,2021,9,Sep,3,6,0,dim_date,21-22,20260627010107,2026-06-27T01:01:07.334932+00:00,ok,
20210930,2021-09-30 00:00:00.000000,21-22,2021,9,Sep,3,6,1,dim_date,21-22,20260627010107,2026-06-27T01:01:07.334932+00:00,ok,
20211001,2021-10-01 00:00:00.000000,21-22,2021,10,Oct,4,7,0,dim_date,21-22,20260627010107,2026-06-27T01:01:07.334932+00:00,ok,
20211002,2021-10-02 00:00:00.000000,21-22,2021,10,Oct,4,7,0,dim_date,21-22,20260627010107,2026-06-27T01:01:07.334932+00:00,ok,
20211003,2021-10-03 00:00:00.000000,21-22,2021,10,Oct,4,7,0,dim_date,21-22,20260627010107,2026-06-27T01:01:07.334932+00:00,ok,
20211004,2021-10-04 00:00:00.000000,21-22,2021,10,Oct,4,7,0,dim_date,21-22,20260627010107,2026-06-27T01:01:07.334932+00:00,ok,
20211005,2021-10-05 00:00:00.000000,21-22,2021,10,Oct,4,7,0,dim_date,21-22,20260627010107,2026-06-27T01:01:07.334932+00:00,ok,
20211006,2021-10-06 00:00:00.000000,21-22,2021,10,Oct,4,7,0,dim_date,21-22,20260627010107,2026-06-27T01:01:07.334932+00:00,ok,
20211007,2021-10-07 00:00:00.000000,21-22,2021,10,Oct,4,7,0,dim_date,21-22,20260627010107,2026-06-27T01:01:07.334932+00:00,ok,
20211008,2021-10-08 00:00:00.000000,21-22,2021,10,Oct,4,7,0,dim_date,21-22,20260627010107,2026-06-27T01:01:07.334932+00:00,ok,
20211009,2021-10-09 00:00:00.000000,21-22,2021,10,Oct,4,7,0,dim_date,21-22,20260627010107,2026-06-27T01:01:07.334932+00:00,ok,
20211010,2021-10-10 00:00:00.000000,21-22,2021,10,Oct,4,7,0,dim_date,21-22,20260627010107,2026-06-27T01:01:07.334932+00:00,ok,
20211011,2021-10-11 00:00:00.000000,21-22,2021,10,Oct,4,7,0,dim_date,21-22,20260627010107,2026-06-27T01:01:07.334932+00:00,ok,
20211012,2021-10-12 00:00:00.000000,21-22,2021,10,Oct,4,7,0,dim_date,21-22,20260627010107,2026-06-27T01:01:07.334932+00:00,ok,
20211013,2021-10-13 00:00:00.000000,21-22,2021,10,Oct,4,7,0,dim_date,21-22,20260627010107,2026-06-27T01:01:07.334932+00:00,ok,
20211014,2021-10-14 00:00:00.000000,21-22,2021,10,Oct,4,7,0,dim_date,21-22,20260627010107,2026-06-27T01:01:07.334932+00:00,ok,
20211015,2021-10-15 00:00:00.000000,21-22,2021,10,Oct,4,7,0,dim_date,21-22,20260627010107,2026-06-27T01:01:07.334932+00:00,ok,
20211016,2021-10-16 00:00:00.000000,21-22,2021,10,Oct,4,7,0,dim_date,21-22,20260627010107,2026-06-27T01:01:07.334932+00:00,ok,
20211017,2021-10-17 00:00:00.000000,21-22,2021,10,Oct,4,7,0,dim_date,21-22,20260627010107,2026-06-27T01:01:07.334932+00:00,ok,
20211018,2021-10-18 00:00:00.000000,21-22,2021,10,Oct,4,7,0,dim_date,21-22,20260627010107,2026-06-27T01:01:07.334932+00:00,ok,
20211019,2021-10-19 00:00:00.000000,21-22,2021,10,Oct,4,7,0,dim_date,21-22,20260627010107,2026-06-27T01:01:07.334932+00:00,ok,
20211020,2021-10-20 00:00:00.000000,21-22,2021,10,Oct,4,7,0,dim_date,21-22,20260627010107,2026-06-27T01:01:07.334932+00:00,ok,
20211021,2021-10-21 00:00:00.000000,21-22,2021,10,Oct,4,7,0,dim_date,21-22,20260627010107,2026-06-27T01:01:07.334932+00:00,ok,
20211022,2021-10-22 00:00:00.000000,21-22,2021,10,Oct,4,7,0,dim_date,21-22,20260627010107,2026-06-27T01:01:07.334932+00:00,ok,
20211023,2021-10-23 00:00:00.000000,21-22,2021,10,Oct,4,7,0,dim_date,21-22,20260627010107,2026-06-27T01:01:07.334932+00:00,ok,
20211024,2021-10-24 00:00:00.000000,21-22,2021,10,Oct,4,7,0,dim_date,21-22,20260627010107,2026-06-27T01:01:07.334932+00:00,ok,
20211025,2021-10-25 00:00:00.000000,21-22,2021,10,Oct,4,7,0,dim_date,21-22,20260627010107,2026-06-27T01:01:07.334932+00:00,ok,
20211026,2021-10-26 00:00:00.000000,21-22,2021,10,Oct,4,7,0,dim_date,21-22,20260627010107,2026-06-27T01:01:07.334932+00:00,ok,
20211027,2021-10-27 00:00:00.000000,21-22,2021,10,Oct,4,7,0,dim_date,21-22,20260627010107,2026-06-27T01:01:07.334932+00:00,ok,
20211028,2021-10-28 00:00:00.000000,21-22,2021,10,Oct,4,7,0,dim_date,21-22,20260627010107,2026-06-27T01:01:07.334932+00:00,ok,
20211029,2021-10-29 00:00:00.000000,21-22,2021,10,Oct,4,7,0,dim_date,21-22,20260627010107,2026-06-27T01:01:07.334932+00:00,ok,
20211030,2021-10-30 00:00:00.000000,21-22,2021,10,Oct,4,7,0,dim_date,21-22,20260627010107,2026-06-27T01:01:07.334932+00:00,ok,
20211031,2021-10-31 00:00:00.000000,21-22,2021,10,Oct,4,7,1,dim_date,21-22,20260627010107,2026-06-27T01:01:07.334932+00:00,ok,
20211101,2021-11-01 00:00:00.000000,21-22,2021,11,Nov,4,8,0,dim_date,21-22,20260627010107,2026-06-27T01:01:07.334932+00:00,ok,
20211102,2021-11-02 00:00:00.000000,21-22,2021,11,Nov,4,8,0,dim_date,21-22,20260627010107,2026-06-27T01:01:07.334932+00:00,ok,
20211103,2021-11-03 00:00:00.000000,21-22,2021,11,Nov,4,8,0,dim_date,21-22,20260627010107,2026-06-27T01:01:07.334932+00:00,ok,
20211104,2021-11-04 00:00:00.000000,21-22,2021,11,Nov,4,8,0,dim_date,21-22,20260627010107,2026-06-27T01:01:07.334932+00:00,ok,
20211105,2021-11-05 00:00:00.000000,21-22,2021,11,Nov,4,8,0,dim_date,21-22,20260627010107,2026-06-27T01:01:07.334932+00:00,ok,
20211106,2021-11-06 00:00:00.000000,21-22,2021,11,Nov,4,8,0,dim_date,21-22,20260627010107,2026-06-27T01:01:07.334932+00:00,ok,
20211107,2021-11-07 00:00:00.000000,21-22,2021,11,Nov,4,8,0,dim_date,21-22,20260627010107,2026-06-27T01:01:07.334932+00:00,ok,
20211108,2021-11-08 00:00:00.000000,21-22,2021,11,Nov,4,8,0,dim_date,21-22,20260627010107,2026-06-27T01:01:07.334932+00:00,ok,
20211109,2021-11-09 00:00:00.000000,21-22,2021,11,Nov,4,8,0,dim_date,21-22,20260627010107,2026-06-27T01:01:07.334932+00:00,ok,
20211110,2021-11-10 00:00:00.000000,21-22,2021,11,Nov,4,8,0,dim_date,21-22,20260627010107,2026-06-27T01:01:07.334932+00:00,ok,
20211111,2021-11-11 00:00:00.000000,21-22,2021,11,Nov,4,8,0,dim_date,21-22,20260627010107,2026-06-27T01:01:07.334932+00:00,ok,
20211112,2021-11-12 00:00:00.000000,21-22,2021,11,Nov,4,8,0,dim_date,21-22,20260627010107,2026-06-27T01:01:07.334932+00:00,ok,
20211113,2021-11-13 00:00:00.000000,21-22,2021,11,Nov,4,8,0,dim_date,21-22,20260627010107,2026-06-27T01:01:07.334932+00:00,ok,
20211114,2021-11-14 00:00:00.000000,21-22,2021,11,Nov,4,8,0,dim_date,21-22,20260627010107,2026-06-27T01:01:07.334932+00:00,ok,
20211115,2021-11-15 00:00:00.000000,21-22,2021,11,Nov,4,8,0,dim_date,21-22,20260627010107,2026-06-27T01:01:07.334932+00:00,ok,
20211116,2021-11-16 00:00:00.000000,21-22,2021,11,Nov,4,8,0,dim_date,21-22,20260627010107,2026-06-27T01:01:07.334932+00:00,ok,
20211117,2021-11-17 00:00:00.000000,21-22,2021,11,Nov,4,8,0,dim_date,21-22,20260627010107,2026-06-27T01:01:07.334932+00:00,ok,
20211118,2021-11-18 00:00:00.000000,21-22,2021,11,Nov,4,8,0,dim_date,21-22,20260627010107,2026-06-27T01:01:07.334932+00:00,ok,
20211119,2021-11-19 00:00:00.000000,21-22,2021,11,Nov,4,8,0,dim_date,21-22,20260627010107,2026-06-27T01:01:07.334932+00:00,ok,
20211120,2021-11-20 00:00:00.000000,21-22,2021,11,Nov,4,8,0,dim_date,21-22,20260627010107,2026-06-27T01:01:07.334932+00:00,ok,
20211121,2021-11-21 00:00:00.000000,21-22,2021,11,Nov,4,8,0,dim_date,21-22,20260627010107,2026-06-27T01:01:07.334932+00:00,ok,
20211122,2021-11-22 00:00:00.000000,21-22,2021,11,Nov,4,8,0,dim_date,21-22,20260627010107,2026-06-27T01:01:07.334932+00:00,ok,
20211123,2021-11-23 00:00:00.000000,21-22,2021,11,Nov,4,8,0,dim_date,21-22,20260627010107,2026-06-27T01:01:07.334932+00:00,ok,
20211124,2021-11-24 00:00:00.000000,21-22,2021,11,Nov,4,8,0,dim_date,21-22,20260627010107,2026-06-27T01:01:07.334932+00:00,ok,
20211125,2021-11-25 00:00:00.000000,21-22,2021,11,Nov,4,8,0,dim_date,21-22,20260627010107,2026-06-27T01:01:07.334932+00:00,ok,
20211126,2021-11-26 00:00:00.000000,21-22,2021,11,Nov,4,8,0,dim_date,21-22,20260627010107,2026-06-27T01:01:07.334932+00:00,ok,
20211127,2021-11-27 00:00:00.000000,21-22,2021,11,Nov,4,8,0,dim_date,21-22,20260627010107,2026-06-27T01:01:07.334932+00:00,ok,
20211128,2021-11-28 00:00:00.000000,21-22,2021,11,Nov,4,8,0,dim_date,21-22,20260627010107,2026-06-27T01:01:07.334932+00:00,ok,
20211129,2021-11-29 00:00:00.000000,21-22,2021,11,Nov,4,8,0,dim_date,21-22,20260627010107,2026-06-27T01:01:07.334932+00:00,ok,
20211130,2021-11-30 00:00:00.000000,21-22,2021,11,Nov,4,8,1,dim_date,21-22,20260627010107,2026-06-27T01:01:07.334932+00:00,ok,
20211201,2021-12-01 00:00:00.000000,21-22,2021,12,Dec,4,9,0,dim_date,21-22,20260627010107,2026-06-27T01:01:07.334932+00:00,ok,
20211202,2021-12-02 00:00:00.000000,21-22,2021,12,Dec,4,9,0,dim_date,21-22,20260627010107,2026-06-27T01:01:07.334932+00:00,ok,
20211203,2021-12-03 00:00:00.000000,21-22,2021,12,Dec,4,9,0,dim_date,21-22,20260627010107,2026-06-27T01:01:07.334932+00:00,ok,
20211204,2021-12-04 00:00:00.000000,21-22,2021,12,Dec,4,9,0,dim_date,21-22,20260627010107,2026-06-27T01:01:07.334932+00:00,ok,
20211205,2021-12-05 00:00:00.000000,21-22,2021,12,Dec,4,9,0,dim_date,21-22,20260627010107,2026-06-27T01:01:07.334932+00:00,ok,
20211206,2021-12-06 00:00:00.000000,21-22,2021,12,Dec,4,9,0,dim_date,21-22,20260627010107,2026-06-27T01:01:07.334932+00:00,ok,
20211207,2021-12-07 00:00:00.000000,21-22,2021,12,Dec,4,9,0,dim_date,21-22,20260627010107,2026-06-27T01:01:07.334932+00:00,ok,
20211208,2021-12-08 00:00:00.000000,21-22,2021,12,Dec,4,9,0,dim_date,21-22,20260627010107,2026-06-27T01:01:07.334932+00:00,ok,
20211209,2021-12-09 00:00:00.000000,21-22,2021,12,Dec,4,9,0,dim_date,21-22,20260627010107,2026-06-27T01:01:07.334932+00:00,ok,
20211210,2021-12-10 00:00:00.000000,21-22,2021,12,Dec,4,9,0,dim_date,21-22,20260627010107,2026-06-27T01:01:07.334932+00:00,ok,
20211211,2021-12-11 00:00:00.000000,21-22,2021,12,Dec,4,9,0,dim_date,21-22,20260627010107,2026-06-27T01:01:07.334932+00:00,ok,
20211212,2021-12-12 00:00:00.000000,21-22,2021,12,Dec,4,9,0,dim_date,21-22,20260627010107,2026-06-27T01:01:07.334932+00:00,ok,
20211213,2021-12-13 00:00:00.000000,21-22,2021,12,Dec,4,9,0,dim_date,21-22,20260627010107,2026-06-27T01:01:07.334932+00:00,ok,
20211214,2021-12-14 00:00:00.000000,21-22,2021,12,Dec,4,9,0,dim_date,21-22,20260627010107,2026-06-27T01:01:07.334932+00:00,ok,
20211215,2021-12-15 00:00:00.000000,21-22,2021,12,Dec,4,9,0,dim_date,21-22,20260627010107,2026-06-27T01:01:07.334932+00:00,ok,
20211216,2021-12-16 00:00:00.000000,21-22,2021,12,Dec,4,9,0,dim_date,21-22,20260627010107,2026-06-27T01:01:07.334932+00:00,ok,
20211217,2021-12-17 00:00:00.000000,21-22,2021,12,Dec,4,9,0,dim_date,21-22,20260627010107,2026-06-27T01:01:07.334932+00:00,ok,
20211218,2021-12-18 00:00:00.000000,21-22,2021,12,Dec,4,9,0,dim_date,21-22,20260627010107,2026-06-27T01:01:07.334932+00:00,ok,
20211219,2021-12-19 00:00:00.000000,21-22,2021,12,Dec,4,9,0,dim_date,21-22,20260627010107,2026-06-27T01:01:07.334932+00:00,ok,
20211220,2021-12-20 00:00:00.000000,21-22,2021,12,Dec,4,9,0,dim_date,21-22,20260627010107,2026-06-27T01:01:07.334932+00:00,ok,
20211221,2021-12-21 00:00:00.000000,21-22,2021,12,Dec,4,9,0,dim_date,21-22,20260627010107,2026-06-27T01:01:07.334932+00:00,ok,
20211222,2021-12-22 00:00:00.000000,21-22,2021,12,Dec,4,9,0,dim_date,21-22,20260627010107,2026-06-27T01:01:07.334932+00:00,ok,
20211223,2021-12-23 00:00:00.000000,21-22,2021,12,Dec,4,9,0,dim_date,21-22,20260627010107,2026-06-27T01:01:07.334932+00:00,ok,
20211224,2021-12-24 00:00:00.000000,21-22,2021,12,Dec,4,9,0,dim_date,21-22,20260627010107,2026-06-27T01:01:07.334932+00:00,ok,
20211225,2021-12-25 00:00:00.000000,21-22,2021,12,Dec,4,9,0,dim_date,21-22,20260627010107,2026-06-27T01:01:07.334932+00:00,ok,
20211226,2021-12-26 00:00:00.000000,21-22,2021,12,Dec,4,9,0,dim_date,21-22,20260627010107,2026-06-27T01:01:07.334932+00:00,ok,
20211227,2021-12-27 00:00:00.000000,21-22,2021,12,Dec,4,9,0,dim_date,21-22,20260627010107,2026-06-27T01:01:07.334932+00:00,ok,
20211228,2021-12-28 00:00:00.000000,21-22,2021,12,Dec,4,9,0,dim_date,21-22,20260627010107,2026-06-27T01:01:07.334932+00:00,ok,
20211229,2021-12-29 00:00:00.000000,21-22,2021,12,Dec,4,9,0,dim_date,21-22,20260627010107,2026-06-27T01:01:07.334932+00:00,ok,
20211230,2021-12-30 00:00:00.000000,21-22,2021,12,Dec,4,9,0,dim_date,21-22,20260627010107,2026-06-27T01:01:07.334932+00:00,ok,
20211231,2021-12-31 00:00:00.000000,21-22,2021,12,Dec,4,9,1,dim_date,21-22,20260627010107,2026-06-27T01:01:07.334932+00:00,ok,
20220101,2022-01-01 00:00:00.000000,21-22,2022,1,Jan,1,10,0,dim_date,21-22,20260627010107,2026-06-27T01:01:07.334932+00:00,ok,
20220102,2022-01-02 00:00:00.000000,21-22,2022,1,Jan,1,10,0,dim_date,21-22,20260627010107,2026-06-27T01:01:07.334932+00:00,ok,
20220103,2022-01-03 00:00:00.000000,21-22,2022,1,Jan,1,10,0,dim_date,21-22,20260627010107,2026-06-27T01:01:07.334932+00:00,ok,
20220104,2022-01-04 00:00:00.000000,21-22,2022,1,Jan,1,10,0,dim_date,21-22,20260627010107,2026-06-27T01:01:07.334932+00:00,ok,
20220105,2022-01-05 00:00:00.000000,21-22,2022,1,Jan,1,10,0,dim_date,21-22,20260627010107,2026-06-27T01:01:07.334932+00:00,ok,
20220106,2022-01-06 00:00:00.000000,21-22,2022,1,Jan,1,10,0,dim_date,21-22,20260627010107,2026-06-27T01:01:07.334932+00:00,ok,
20220107,2022-01-07 00:00:00.000000,21-22,2022,1,Jan,1,10,0,dim_date,21-22,20260627010107,2026-06-27T01:01:07.334932+00:00,ok,
20220108,2022-01-08 00:00:00.000000,21-22,2022,1,Jan,1,10,0,dim_date,21-22,20260627010107,2026-06-27T01:01:07.334932+00:00,ok,
20220109,2022-01-09 00:00:00.000000,21-22,2022,1,Jan,1,10,0,dim_date,21-22,20260627010107,2026-06-27T01:01:07.334932+00:00,ok,
20220110,2022-01-10 00:00:00.000000,21-22,2022,1,Jan,1,10,0,dim_date,21-22,20260627010107,2026-06-27T01:01:07.334932+00:00,ok,
20220111,2022-01-11 00:00:00.000000,21-22,2022,1,Jan,1,10,0,dim_date,21-22,20260627010107,2026-06-27T01:01:07.334932+00:00,ok,
20220112,2022-01-12 00:00:00.000000,21-22,2022,1,Jan,1,10,0,dim_date,21-22,20260627010107,2026-06-27T01:01:07.334932+00:00,ok,
20220113,2022-01-13 00:00:00.000000,21-22,2022,1,Jan,1,10,0,dim_date,21-22,20260627010107,2026-06-27T01:01:07.334932+00:00,ok,
20220114,2022-01-14 00:00:00.000000,21-22,2022,1,Jan,1,10,0,dim_date,21-22,20260627010107,2026-06-27T01:01:07.334932+00:00,ok,
20220115,2022-01-15 00:00:00.000000,21-22,2022,1,Jan,1,10,0,dim_date,21-22,20260627010107,2026-06-27T01:01:07.334932+00:00,ok,
20220116,2022-01-16 00:00:00.000000,21-22,2022,1,Jan,1,10,0,dim_date,21-22,20260627010107,2026-06-27T01:01:07.334932+00:00,ok,
20220117,2022-01-17 00:00:00.000000,21-22,2022,1,Jan,1,10,0,dim_date,21-22,20260627010107,2026-06-27T01:01:07.334932+00:00,ok,
20220118,2022-01-18 00:00:00.000000,21-22,2022,1,Jan,1,10,0,dim_date,21-22,20260627010107,2026-06-27T01:01:07.334932+00:00,ok,
20220119,2022-01-19 00:00:00.000000,21-22,2022,1,Jan,1,10,0,dim_date,21-22,20260627010107,2026-06-27T01:01:07.334932+00:00,ok,
20220120,2022-01-20 00:00:00.000000,21-22,2022,1,Jan,1,10,0,dim_date,21-22,20260627010107,2026-06-27T01:01:07.334932+00:00,ok,
20220121,2022-01-21 00:00:00.000000,21-22,2022,1,Jan,1,10,0,dim_date,21-22,20260627010107,2026-06-27T01:01:07.334932+00:00,ok,
20220122,2022-01-22 00:00:00.000000,21-22,2022,1,Jan,1,10,0,dim_date,21-22,20260627010107,2026-06-27T01:01:07.334932+00:00,ok,
20220123,2022-01-23 00:00:00.000000,21-22,2022,1,Jan,1,10,0,dim_date,21-22,20260627010107,2026-06-27T01:01:07.334932+00:00,ok,
20220124,2022-01-24 00:00:00.000000,21-22,2022,1,Jan,1,10,0,dim_date,21-22,20260627010107,2026-06-27T01:01:07.334932+00:00,ok,
20220125,2022-01-25 00:00:00.000000,21-22,2022,1,Jan,1,10,0,dim_date,21-22,20260627010107,2026-06-27T01:01:07.334932+00:00,ok,
20220126,2022-01-26 00:00:00.000000,21-22,2022,1,Jan,1,10,0,dim_date,21-22,20260627010107,2026-06-27T01:01:07.334932+00:00,ok,
20220127,2022-01-27 00:00:00.000000,21-22,2022,1,Jan,1,10,0,dim_date,21-22,20260627010107,2026-06-27T01:01:07.334932+00:00,ok,
20220128,2022-01-28 00:00:00.000000,21-22,2022,1,Jan,1,10,0,dim_date,21-22,20260627010107,2026-06-27T01:01:07.334932+00:00,ok,
20220129,2022-01-29 00:00:00.000000,21-22,2022,1,Jan,1,10,0,dim_date,21-22,20260627010107,2026-06-27T01:01:07.334932+00:00,ok,
20220130,2022-01-30 00:00:00.000000,21-22,2022,1,Jan,1,10,0,dim_date,21-22,20260627010107,2026-06-27T01:01:07.334932+00:00,ok,
20220131,2022-01-31 00:00:00.000000,21-22,2022,1,Jan,1,10,1,dim_date,21-22,20260627010107,2026-06-27T01:01:07.334932+00:00,ok,
20220201,2022-02-01 00:00:00.000000,21-22,2022,2,Feb,1,11,0,dim_date,21-22,20260627010107,2026-06-27T01:01:07.334932+00:00,ok,
20220202,2022-02-02 00:00:00.000000,21-22,2022,2,Feb,1,11,0,dim_date,21-22,20260627010107,2026-06-27T01:01:07.334932+00:00,ok,
20220203,2022-02-03 00:00:00.000000,21-22,2022,2,Feb,1,11,0,dim_date,21-22,20260627010107,2026-06-27T01:01:07.334932+00:00,ok,
20220204,2022-02-04 00:00:00.000000,21-22,2022,2,Feb,1,11,0,dim_date,21-22,20260627010107,2026-06-27T01:01:07.334932+00:00,ok,
20220205,2022-02-05 00:00:00.000000,21-22,2022,2,Feb,1,11,0,dim_date,21-22,20260627010107,2026-06-27T01:01:07.334932+00:00,ok,
20220206,2022-02-06 00:00:00.000000,21-22,2022,2,Feb,1,11,0,dim_date,21-22,20260627010107,2026-06-27T01:01:07.334932+00:00,ok,
20220207,2022-02-07 00:00:00.000000,21-22,2022,2,Feb,1,11,0,dim_date,21-22,20260627010107,2026-06-27T01:01:07.334932+00:00,ok,
20220208,2022-02-08 00:00:00.000000,21-22,2022,2,Feb,1,11,0,dim_date,21-22,20260627010107,2026-06-27T01:01:07.334932+00:00,ok,
20220209,2022-02-09 00:00:00.000000,21-22,2022,2,Feb,1,11,0,dim_date,21-22,20260627010107,2026-06-27T01:01:07.334932+00:00,ok,
20220210,2022-02-10 00:00:00.000000,21-22,2022,2,Feb,1,11,0,dim_date,21-22,20260627010107,2026-06-27T01:01:07.334932+00:00,ok,
20220211,2022-02-11 00:00:00.000000,21-22,2022,2,Feb,1,11,0,dim_date,21-22,20260627010107,2026-06-27T01:01:07.334932+00:00,ok,
20220212,2022-02-12 00:00:00.000000,21-22,2022,2,Feb,1,11,0,dim_date,21-22,20260627010107,2026-06-27T01:01:07.334932+00:00,ok,
20220213,2022-02-13 00:00:00.000000,21-22,2022,2,Feb,1,11,0,dim_date,21-22,20260627010107,2026-06-27T01:01:07.334932+00:00,ok,
20220214,2022-02-14 00:00:00.000000,21-22,2022,2,Feb,1,11,0,dim_date,21-22,20260627010107,2026-06-27T01:01:07.334932+00:00,ok,
20220215,2022-02-15 00:00:00.000000,21-22,2022,2,Feb,1,11,0,dim_date,21-22,20260627010107,2026-06-27T01:01:07.334932+00:00,ok,
20220216,2022-02-16 00:00:00.000000,21-22,2022,2,Feb,1,11,0,dim_date,21-22,20260627010107,2026-06-27T01:01:07.334932+00:00,ok,
20220217,2022-02-17 00:00:00.000000,21-22,2022,2,Feb,1,11,0,dim_date,21-22,20260627010107,2026-06-27T01:01:07.334932+00:00,ok,
20220218,2022-02-18 00:00:00.000000,21-22,2022,2,Feb,1,11,0,dim_date,21-22,20260627010107,2026-06-27T01:01:07.334932+00:00,ok,
20220219,2022-02-19 00:00:00.000000,21-22,2022,2,Feb,1,11,0,dim_date,21-22,20260627010107,2026-06-27T01:01:07.334932+00:00,ok,
20220220,2022-02-20 00:00:00.000000,21-22,2022,2,Feb,1,11,0,dim_date,21-22,20260627010107,2026-06-27T01:01:07.334932+00:00,ok,
20220221,2022-02-21 00:00:00.000000,21-22,2022,2,Feb,1,11,0,dim_date,21-22,20260627010107,2026-06-27T01:01:07.334932+00:00,ok,
20220222,2022-02-22 00:00:00.000000,21-22,2022,2,Feb,1,11,0,dim_date,21-22,20260627010107,2026-06-27T01:01:07.334932+00:00,ok,
20220223,2022-02-23 00:00:00.000000,21-22,2022,2,Feb,1,11,0,dim_date,21-22,20260627010107,2026-06-27T01:01:07.334932+00:00,ok,
20220224,2022-02-24 00:00:00.000000,21-22,2022,2,Feb,1,11,0,dim_date,21-22,20260627010107,2026-06-27T01:01:07.334932+00:00,ok,
20220225,2022-02-25 00:00:00.000000,21-22,2022,2,Feb,1,11,0,dim_date,21-22,20260627010107,2026-06-27T01:01:07.334932+00:00,ok,
20220226,2022-02-26 00:00:00.000000,21-22,2022,2,Feb,1,11,0,dim_date,21-22,20260627010107,2026-06-27T01:01:07.334932+00:00,ok,
20220227,2022-02-27 00:00:00.000000,21-22,2022,2,Feb,1,11,0,dim_date,21-22,20260627010107,2026-06-27T01:01:07.334932+00:00,ok,
20220228,2022-02-28 00:00:00.000000,21-22,2022,2,Feb,1,11,1,dim_date,21-22,20260627010107,2026-06-27T01:01:07.334932+00:00,ok,
20220301,2022-03-01 00:00:00.000000,21-22,2022,3,Mar,1,12,0,dim_date,21-22,20260627010107,2026-06-27T01:01:07.334932+00:00,ok,
20220302,2022-03-02 00:00:00.000000,21-22,2022,3,Mar,1,12,0,dim_date,21-22,20260627010107,2026-06-27T01:01:07.334932+00:00,ok,
20220303,2022-03-03 00:00:00.000000,21-22,2022,3,Mar,1,12,0,dim_date,21-22,20260627010107,2026-06-27T01:01:07.334932+00:00,ok,
20220304,2022-03-04 00:00:00.000000,21-22,2022,3,Mar,1,12,0,dim_date,21-22,20260627010107,2026-06-27T01:01:07.334932+00:00,ok,
20220305,2022-03-05 00:00:00.000000,21-22,2022,3,Mar,1,12,0,dim_date,21-22,20260627010107,2026-06-27T01:01:07.334932+00:00,ok,
20220306,2022-03-06 00:00:00.000000,21-22,2022,3,Mar,1,12,0,dim_date,21-22,20260627010107,2026-06-27T01:01:07.334932+00:00,ok,
20220307,2022-03-07 00:00:00.000000,21-22,2022,3,Mar,1,12,0,dim_date,21-22,20260627010107,2026-06-27T01:01:07.334932+00:00,ok,
20220308,2022-03-08 00:00:00.000000,21-22,2022,3,Mar,1,12,0,dim_date,21-22,20260627010107,2026-06-27T01:01:07.334932+00:00,ok,
20220309,2022-03-09 00:00:00.000000,21-22,2022,3,Mar,1,12,0,dim_date,21-22,20260627010107,2026-06-27T01:01:07.334932+00:00,ok,
